song_id,result
61_ec,1
61_hc,0
61_exh,0
62_ec,1
62_hc,0
62_exh,0
65_ec,0
65_hc,0
65_exh,0
108_ec,1
108_hc,0
108_exh,0
109_ec,-1
109_hc,-1
109_exh,-1
114_ec,1
114_hc,0
114_exh,0
132_ec,-1
132_hc,-1
132_exh,-1
140_ec,1
140_hc,0
140_exh,0
143_ec,1
143_hc,0
143_exh,0
163_ec,1
163_hc,0
163_exh,0
210_ec,1
210_hc,0
210_exh,0
224_ec,1
224_hc,0
224_exh,0
230_ec,-1
230_hc,-1
230_exh,-1
235_ec,1
235_hc,0
235_exh,0
240_ec,1
240_hc,0
240_exh,0
250_ec,0
250_hc,0
250_exh,0
261_ec,-1
261_hc,-1
261_exh,-1
288_ec,1
288_hc,0
288_exh,0
291_ec,-1
291_hc,-1
291_exh,-1
302_ec,1
302_hc,0
302_exh,0
303_ec,1
303_hc,0
303_exh,0
352_ec,1
352_hc,0
352_exh,0
381_ec,1
381_hc,0
381_exh,0
418_ec,-1
418_hc,-1
418_exh,-1
430_ec,1
430_hc,0
430_exh,0
439_ec,-1
439_hc,-1
439_exh,-1
448_ec,-1
448_hc,-1
448_exh,-1
456_ec,0
456_hc,0
456_exh,0
481_ec,1
481_hc,0
481_exh,0
524_ec,1
524_hc,0
524_exh,0
533_ec,-1
533_hc,-1
533_exh,-1
536_ec,1
536_hc,0
536_exh,0
547_ec,1
547_hc,0
547_exh,0
550_ec,-1
550_hc,-1
550_exh,-1
573_ec,1
573_hc,0
573_exh,0
576_ec,1
576_hc,0
576_exh,0
591_ec,1
591_hc,0
591_exh,0
610_ec,-1
610_hc,-1
610_exh,-1
611_ec,-1
611_hc,-1
611_exh,-1
615_ec,1
615_hc,0
615_exh,0
616_ec,-1
616_hc,-1
616_exh,-1
618_ec,1
618_hc,0
618_exh,0
619_ec,1
619_hc,0
619_exh,0
646_ec,0
646_hc,1
646_exh,0
660_ec,-1
660_hc,-1
660_exh,-1
696_ec,1
696_hc,0
696_exh,0
709_ec,0
709_hc,0
709_exh,0
736_ec,1
736_hc,0
736_exh,0
785_ec,-1
785_hc,-1
785_exh,-1
805_ec,1
805_hc,0
805_exh,0
808_ec,0
808_hc,0
808_exh,0
823_ec,1
823_hc,0
823_exh,0
840_ec,1
840_hc,0
840_exh,0
861_ec,1
861_hc,0
861_exh,0
881_ec,-1
881_hc,-1
881_exh,-1
887_ec,1
887_hc,0
887_exh,0
890_ec,-1
890_hc,-1
890_exh,-1
906_ec,1
906_hc,1
906_exh,0
921_ec,1
921_hc,0
921_exh,0
941_ec,1
941_hc,0
941_exh,0
944_ec,1
944_hc,0
944_exh,0
945_ec,-1
945_hc,-1
945_exh,-1
948_ec,0
948_hc,0
948_exh,0
968_ec,-1
968_hc,-1
968_exh,-1
969_ec,-1
969_hc,-1
969_exh,-1
972_ec,1
972_hc,0
972_exh,0
975_ec,1
975_hc,0
975_exh,0
984_ec,1
984_hc,0
984_exh,0
987_ec,-1
987_hc,-1
987_exh,-1
988_ec,-1
988_hc,-1
988_exh,-1
1013_ec,0
1013_hc,0
1013_exh,0
1022_ec,1
1022_hc,1
1022_exh,0
1028_ec,-1
1028_hc,-1
1028_exh,-1
1045_ec,1
1045_hc,0
1045_exh,0
1054_ec,0
1054_hc,0
1054_exh,0
1060_ec,1
1060_hc,0
1060_exh,0
1061_ec,-1
1061_hc,-1
1061_exh,-1
1076_ec,-1
1076_hc,-1
1076_exh,-1
1085_ec,1
1085_hc,0
1085_exh,0
1088_ec,-1
1088_hc,-1
1088_exh,-1
1100_ec,1
1100_hc,0
1100_exh,0
1127_ec,1
1127_hc,1
1127_exh,0
1142_ec,1
1142_hc,0
1142_exh,0
1151_ec,0
1151_hc,0
1151_exh,0
1156_ec,1
1156_hc,0
1156_exh,0
1183_ec,0
1183_hc,0
1183_exh,0
1195_ec,1
1195_hc,0
1195_exh,0
1264_ec,-1
1264_hc,-1
1264_exh,-1
1276_ec,-1
1276_hc,-1
1276_exh,-1
1291_ec,-1
1291_hc,-1
1291_exh,-1
1297_ec,-1
1297_hc,-1
1297_exh,-1
1333_ec,1
1333_hc,0
1333_exh,0
1345_ec,1
1345_hc,0
1345_exh,0
1348_ec,1
1348_hc,0
1348_exh,0
1351_ec,0
1351_hc,0
1351_exh,0
1354_ec,0
1354_hc,0
1354_exh,0
1357_ec,1
1357_hc,0
1357_exh,0
1360_ec,-1
1360_hc,-1
1360_exh,-1
1393_ec,-1
1393_hc,-1
1393_exh,-1
1396_ec,0
1396_hc,0
1396_exh,0
1399_ec,1
1399_hc,1
1399_exh,0
1411_ec,0
1411_hc,0
1411_exh,0
1412_ec,-1
1412_hc,-1
1412_exh,-1
1442_ec,-1
1442_hc,-1
1442_exh,-1
1475_ec,1
1475_hc,0
1475_exh,0
1481_ec,1
1481_hc,0
1481_exh,0
1515_ec,1
1515_hc,1
1515_exh,0
1536_ec,-1
1536_hc,-1
1536_exh,-1
1542_ec,-1
1542_hc,-1
1542_exh,-1
1551_ec,-1
1551_hc,-1
1551_exh,-1
1557_ec,1
1557_hc,0
1557_exh,0
1563_ec,1
1563_hc,0
1563_exh,0
1566_ec,-1
1566_hc,-1
1566_exh,-1
1572_ec,1
1572_hc,1
1572_exh,0
1584_ec,1
1584_hc,0
1584_exh,0
1614_ec,0
1614_hc,0
1614_exh,0
1623_ec,1
1623_hc,0
1623_exh,0
1626_ec,0
1626_hc,0
1626_exh,0
1635_ec,1
1635_hc,0
1635_exh,0
1653_ec,1
1653_hc,0
1653_exh,0
1665_ec,-1
1665_hc,-1
1665_exh,-1
1674_ec,1
1674_hc,0
1674_exh,0
1680_ec,1
1680_hc,0
1680_exh,0
1689_ec,0
1689_hc,0
1689_exh,0
1698_ec,1
1698_hc,1
1698_exh,0
1722_ec,1
1722_hc,0
1722_exh,0
1731_ec,-1
1731_hc,-1
1731_exh,-1
1734_ec,0
1734_hc,0
1734_exh,0
1761_ec,1
1761_hc,0
1761_exh,0
1770_ec,-1
1770_hc,-1
1770_exh,-1
1773_ec,0
1773_hc,0
1773_exh,0
1782_ec,-1
1782_hc,-1
1782_exh,-1
1788_ec,1
1788_hc,0
1788_exh,0
1791_ec,0
1791_hc,0
1791_exh,0
1794_ec,1
1794_hc,1
1794_exh,0
1806_ec,-1
1806_hc,-1
1806_exh,-1
1809_ec,1
1809_hc,0
1809_exh,0
1818_ec,-1
1818_hc,-1
1818_exh,-1
1821_ec,-1
1821_hc,-1
1821_exh,-1
1830_ec,1
1830_hc,0
1830_exh,0
1833_ec,-1
1833_hc,-1
1833_exh,-1
1857_ec,-1
1857_hc,-1
1857_exh,-1
1866_ec,0
1866_hc,0
1866_exh,0
1869_ec,-1
1869_hc,-1
1869_exh,-1
1875_ec,-1
1875_hc,-1
1875_exh,-1
1881_ec,1
1881_hc,0
1881_exh,0
1887_ec,0
1887_hc,0
1887_exh,0
1893_ec,1
1893_hc,0
1893_exh,0
1911_ec,1
1911_hc,0
1911_exh,0
1914_ec,1
1914_hc,1
1914_exh,0
1920_ec,1
1920_hc,0
1920_exh,0
1932_ec,-1
1932_hc,-1
1932_exh,-1
1941_ec,1
1941_hc,0
1941_exh,0
1953_ec,0
1953_hc,0
1953_exh,0
1962_ec,1
1962_hc,0
1962_exh,0
1977_ec,1
1977_hc,0
1977_exh,0
1983_ec,-1
1983_hc,-1
1983_exh,-1
1986_ec,1
1986_hc,0
1986_exh,0
1995_ec,-1
1995_hc,-1
1995_exh,-1
2001_ec,-1
2001_hc,-1
2001_exh,-1
2004_ec,0
2004_hc,0
2004_exh,0
2010_ec,1
2010_hc,0
2010_exh,0
2013_ec,-1
2013_hc,-1
2013_exh,-1
2028_ec,-1
2028_hc,-1
2028_exh,-1
2031_ec,1
2031_hc,0
2031_exh,0
2034_ec,1
2034_hc,0
2034_exh,0
2040_ec,1
2040_hc,0
2040_exh,0
2043_ec,-1
2043_hc,-1
2043_exh,-1
2046_ec,0
2046_hc,0
2046_exh,0
2049_ec,1
2049_hc,0
2049_exh,0
2052_ec,1
2052_hc,1
2052_exh,0
2061_ec,1
2061_hc,0
2061_exh,0
2068_ec,0
2068_hc,0
2068_exh,0
2071_ec,1
2071_hc,0
2071_exh,0
2077_ec,-1
2077_hc,-1
2077_exh,-1
2090_ec,1
2090_hc,0
2090_exh,0
2096_ec,1
2096_hc,0
2096_exh,0
2097_ec,-1
2097_hc,-1
2097_exh,-1
2109_ec,1
2109_hc,0
2109_exh,0
2121_ec,1
2121_hc,0
2121_exh,0
2122_ec,0
2122_hc,0
2122_exh,0
2131_ec,0
2131_hc,0
2131_exh,0
2140_ec,1
2140_hc,0
2140_exh,0
2156_ec,1
2156_hc,0
2156_exh,0
2168_ec,1
2168_hc,0
2168_exh,0
2171_ec,-1
2171_hc,-1
2171_exh,-1
2180_ec,1
2180_hc,0
2180_exh,0
2186_ec,1
2186_hc,0
2186_exh,0
2187_ec,0
2187_hc,0
2187_exh,0
2190_ec,-1
2190_hc,-1
2190_exh,-1
2202_ec,1
2202_hc,0
2202_exh,0
2235_ec,1
2235_hc,0
2235_exh,0
2238_ec,-1
2238_hc,-1
2238_exh,-1
2241_ec,1
2241_hc,0
2241_exh,0
2253_ec,1
2253_hc,0
2253_exh,0
2259_ec,-1
2259_hc,-1
2259_exh,-1
2260_ec,-1
2260_hc,-1
2260_exh,-1
2272_ec,1
2272_hc,0
2272_exh,0
2278_ec,-1
2278_hc,-1
2278_exh,-1
2279_ec,-1
2279_hc,-1
2279_exh,-1
2282_ec,-1
2282_hc,-1
2282_exh,-1
2297_ec,-1
2297_hc,-1
2297_exh,-1
2300_ec,0
2300_hc,0
2300_exh,0
2309_ec,1
2309_hc,0
2309_exh,0
2315_ec,0
2315_hc,0
2315_exh,0
2316_ec,-1
2316_hc,-1
2316_exh,-1
2319_ec,0
2319_hc,0
2319_exh,0
2331_ec,-1
2331_hc,-1
2331_exh,-1
2344_ec,0
2344_hc,0
2344_exh,0
2356_ec,1
2356_hc,0
2356_exh,0
2367_ec,-1
2367_hc,-1
2367_exh,-1
2370_ec,-1
2370_hc,-1
2370_exh,-1
2376_ec,1
2376_hc,0
2376_exh,0
2383_ec,-1
2383_hc,-1
2383_exh,-1
2386_ec,0
2386_hc,0
2386_exh,0
2389_ec,-1
2389_hc,-1
2389_exh,-1
2390_ec,-1
2390_hc,-1
2390_exh,-1
2393_ec,-1
2393_hc,-1
2393_exh,-1
2399_ec,-1
2399_hc,-1
2399_exh,-1
2402_ec,-1
2402_hc,-1
2402_exh,-1
2405_ec,-1
2405_hc,-1
2405_exh,-1
2408_ec,1
2408_hc,1
2408_exh,0
2453_ec,0
2453_hc,0
2453_exh,0
2468_ec,1
2468_hc,0
2468_exh,0
2474_ec,-1
2474_hc,-1
2474_exh,-1
2483_ec,-1
2483_hc,-1
2483_exh,-1
2492_ec,1
2492_hc,0
2492_exh,0
2498_ec,1
2498_hc,0
2498_exh,0
2501_ec,1
2501_hc,0
2501_exh,0
2516_ec,1
2516_hc,1
2516_exh,0
2519_ec,0
2519_hc,0
2519_exh,0
2522_ec,0
2522_hc,0
2522_exh,0
2528_ec,1
2528_hc,0
2528_exh,0
2531_ec,1
2531_hc,0
2531_exh,0
2534_ec,1
2534_hc,0
2534_exh,0
2537_ec,1
2537_hc,0
2537_exh,0
2564_ec,1
2564_hc,0
2564_exh,0
2567_ec,1
2567_hc,1
2567_exh,0
2570_ec,1
2570_hc,0
2570_exh,0
2573_ec,-1
2573_hc,-1
2573_exh,-1
2588_ec,-1
2588_hc,-1
2588_exh,-1
2591_ec,0
2591_hc,0
2591_exh,0
2600_ec,1
2600_hc,0
2600_exh,0
2601_ec,-1
2601_hc,-1
2601_exh,-1
2607_ec,-1
2607_hc,-1
2607_exh,-1
2617_ec,1
2617_hc,1
2617_exh,0
2626_ec,0
2626_hc,0
2626_exh,0
2635_ec,1
2635_hc,1
2635_exh,0
2638_ec,1
2638_hc,0
2638_exh,0
2644_ec,1
2644_hc,0
2644_exh,0
2647_ec,-1
2647_hc,-1
2647_exh,-1
2660_ec,1
2660_hc,0
2660_exh,0
2663_ec,-1
2663_hc,-1
2663_exh,-1
2675_ec,-1
2675_hc,-1
2675_exh,-1
2695_ec,-1
2695_hc,-1
2695_exh,-1
2699_ec,0
2699_hc,0
2699_exh,0
2702_ec,-1
2702_hc,-1
2702_exh,-1
2705_ec,1
2705_hc,0
2705_exh,0
2723_ec,0
2723_hc,0
2723_exh,0
2732_ec,1
2732_hc,0
2732_exh,0
2735_ec,-1
2735_hc,-1
2735_exh,-1
2744_ec,-1
2744_hc,-1
2744_exh,-1
2756_ec,-1
2756_hc,-1
2756_exh,-1
2762_ec,0
2762_hc,0
2762_exh,0
2792_ec,1
2792_hc,0
2792_exh,0
2810_ec,-1
2810_hc,-1
2810_exh,-1
2828_ec,-1
2828_hc,-1
2828_exh,-1
2849_ec,-1
2849_hc,-1
2849_exh,-1
2852_ec,-1
2852_hc,-1
2852_exh,-1
2855_ec,1
2855_hc,1
2855_exh,0
2858_ec,-1
2858_hc,-1
2858_exh,-1
2864_ec,1
2864_hc,0
2864_exh,0
2900_ec,1
2900_hc,0
2900_exh,0
2918_ec,-1
2918_hc,-1
2918_exh,-1
2942_ec,1
2942_hc,0
2942_exh,0
2951_ec,0
2951_hc,0
2951_exh,0
2954_ec,-1
2954_hc,-1
2954_exh,-1
2963_ec,1
2963_hc,0
2963_exh,0
2966_ec,-1
2966_hc,-1
2966_exh,-1
2969_ec,-1
2969_hc,-1
2969_exh,-1
2972_ec,1
2972_hc,1
2972_exh,0
2990_ec,-1
2990_hc,-1
2990_exh,-1
3005_ec,-1
3005_hc,-1
3005_exh,-1
3014_ec,0
3014_hc,0
3014_exh,0
3017_ec,1
3017_hc,0
3017_exh,0
3020_ec,1
3020_hc,1
3020_exh,0
3053_ec,-1
3053_hc,-1
3053_exh,-1
3065_ec,-1
3065_hc,-1
3065_exh,-1
3068_ec,0
3068_hc,0
3068_exh,0
3077_ec,-1
3077_hc,-1
3077_exh,-1
3080_ec,1
3080_hc,0
3080_exh,0
3092_ec,1
3092_hc,1
3092_exh,0
3110_ec,-1
3110_hc,-1
3110_exh,-1
3122_ec,-1
3122_hc,-1
3122_exh,-1
3125_ec,1
3125_hc,1
3125_exh,0
3131_ec,1
3131_hc,1
3131_exh,0
3143_ec,1
3143_hc,0
3143_exh,0
3146_ec,-1
3146_hc,-1
3146_exh,-1
3157_ec,0
3157_hc,0
3157_exh,0
3158_ec,1
3158_hc,0
3158_exh,0
3159_ec,-1
3159_hc,-1
3159_exh,-1
3162_ec,-1
3162_hc,-1
3162_exh,-1
3165_ec,0
3165_hc,0
3165_exh,0
3174_ec,1
3174_hc,1
3174_exh,0
3180_ec,0
3180_hc,0
3180_exh,0
3195_ec,0
3195_hc,0
3195_exh,0
3213_ec,1
3213_hc,0
3213_exh,0
3240_ec,1
3240_hc,0
3240_exh,0
3303_ec,1
3303_hc,0
3303_exh,0
3312_ec,1
3312_hc,0
3312_exh,0
3333_ec,1
3333_hc,0
3333_exh,0
3342_ec,0
3342_hc,0
3342_exh,0
3343_ec,1
3343_hc,0
3343_exh,0
3349_ec,-1
3349_hc,-1
3349_exh,-1
3361_ec,-1
3361_hc,-1
3361_exh,-1
3362_ec,1
3362_hc,0
3362_exh,0
3365_ec,-1
3365_hc,-1
3365_exh,-1
3368_ec,1
3368_hc,0
3368_exh,0
3380_ec,-1
3380_hc,-1
3380_exh,-1
3381_ec,-1
3381_hc,-1
3381_exh,-1
3384_ec,0
3384_hc,0
3384_exh,0
3390_ec,-1
3390_hc,-1
3390_exh,-1
3393_ec,1
3393_hc,1
3393_exh,0
3399_ec,1
3399_hc,0
3399_exh,0
3402_ec,1
3402_hc,0
3402_exh,0
3408_ec,-1
3408_hc,-1
3408_exh,-1
3414_ec,0
3414_hc,0
3414_exh,0
3423_ec,0
3423_hc,0
3423_exh,0
3424_ec,-1
3424_hc,-1
3424_exh,-1
3425_ec,1
3425_hc,0
3425_exh,0
3426_ec,-1
3426_hc,-1
3426_exh,-1
3433_ec,-1
3433_hc,-1
3433_exh,-1
3439_ec,1
3439_hc,0
3439_exh,0
3442_ec,-1
3442_hc,-1
3442_exh,-1
3463_ec,1
3463_hc,0
3463_exh,0
3472_ec,-1
3472_hc,-1
3472_exh,-1
3475_ec,-1
3475_hc,-1
3475_exh,-1
3484_ec,1
3484_hc,0
3484_exh,0
3487_ec,0
3487_hc,0
3487_exh,0
3490_ec,1
3490_hc,0
3490_exh,0
3493_ec,1
3493_hc,0
3493_exh,0
3496_ec,-1
3496_hc,-1
3496_exh,-1
3500_ec,-1
3500_hc,-1
3500_exh,-1
3501_ec,-1
3501_hc,-1
3501_exh,-1
3511_ec,-1
3511_hc,-1
3511_exh,-1
3512_ec,0
3512_hc,0
3512_exh,0
3515_ec,0
3515_hc,0
3515_exh,0
3518_ec,-1
3518_hc,-1
3518_exh,-1
3533_ec,0
3533_hc,0
3533_exh,0
3539_ec,-1
3539_hc,-1
3539_exh,-1
3563_ec,1
3563_hc,0
3563_exh,0
3569_ec,-1
3569_hc,-1
3569_exh,-1
3599_ec,0
3599_hc,0
3599_exh,0
3602_ec,-1
3602_hc,-1
3602_exh,-1
3623_ec,-1
3623_hc,-1
3623_exh,-1
3653_ec,0
3653_hc,0
3653_exh,0
3657_ec,-1
3657_hc,-1
3657_exh,-1
3658_ec,-1
3658_hc,-1
3658_exh,-1
3664_ec,0
3664_hc,0
3664_exh,0
3667_ec,0
3667_hc,0
3667_exh,0
3670_ec,1
3670_hc,0
3670_exh,0
3673_ec,1
3673_hc,0
3673_exh,0
3676_ec,-1
3676_hc,-1
3676_exh,-1
3691_ec,1
3691_hc,0
3691_exh,0
3700_ec,-1
3700_hc,-1
3700_exh,-1
3712_ec,1
3712_hc,0
3712_exh,0
3713_ec,1
3713_hc,0
3713_exh,0
3716_ec,1
3716_hc,0
3716_exh,0
3719_ec,-1
3719_hc,-1
3719_exh,-1
3725_ec,1
3725_hc,0
3725_exh,0
3731_ec,0
3731_hc,0
3731_exh,0
3734_ec,1
3734_hc,0
3734_exh,0
3737_ec,-1
3737_hc,-1
3737_exh,-1
3743_ec,-1
3743_hc,-1
3743_exh,-1
3746_ec,-1
3746_hc,-1
3746_exh,-1
3767_ec,1
3767_hc,0
3767_exh,0
3773_ec,0
3773_hc,0
3773_exh,0
3794_ec,0
3794_hc,0
3794_exh,0
3797_ec,0
3797_hc,0
3797_exh,0
3808_ec,-1
3808_hc,-1
3808_exh,-1
3812_ec,0
3812_hc,0
3812_exh,0
3813_ec,1
3813_hc,0
3813_exh,0
3814_ec,0
3814_hc,0
3814_exh,0
3820_ec,1
3820_hc,0
3820_exh,0
3823_ec,1
3823_hc,0
3823_exh,0
3832_ec,-1
3832_hc,-1
3832_exh,-1
3835_ec,-1
3835_hc,-1
3835_exh,-1
3839_ec,0
3839_hc,0
3839_exh,0
3842_ec,0
3842_hc,0
3842_exh,0
3845_ec,-1
3845_hc,-1
3845_exh,-1
3848_ec,1
3848_hc,1
3848_exh,0
3860_ec,1
3860_hc,0
3860_exh,0
3863_ec,0
3863_hc,0
3863_exh,0
3872_ec,-1
3872_hc,-1
3872_exh,-1
3935_ec,1
3935_hc,1
3935_exh,0
3953_ec,1
3953_hc,1
3953_exh,0
3956_ec,1
3956_hc,0
3956_exh,0
3959_ec,-1
3959_hc,-1
3959_exh,-1
3962_ec,1
3962_hc,0
3962_exh,0
3992_ec,1
3992_hc,1
3992_exh,0
4000_ec,1
4000_hc,0
4000_exh,0
4001_ec,-1
4001_hc,-1
4001_exh,-1
4013_ec,1
4013_hc,0
4013_exh,0
4025_ec,1
4025_hc,0
4025_exh,0
4034_ec,1
4034_hc,0
4034_exh,0
4040_ec,-1
4040_hc,-1
4040_exh,-1
4046_ec,1
4046_hc,0
4046_exh,0
4055_ec,1
4055_hc,1
4055_exh,0
4058_ec,-1
4058_hc,-1
4058_exh,-1
4070_ec,1
4070_hc,0
4070_exh,0
4073_ec,-1
4073_hc,-1
4073_exh,-1
4077_ec,-1
4077_hc,-1
4077_exh,-1
4078_ec,-1
4078_hc,-1
4078_exh,-1
4081_ec,-1
4081_hc,-1
4081_exh,-1
4087_ec,1
4087_hc,0
4087_exh,0
4105_ec,0
4105_hc,0
4105_exh,0
4108_ec,1
4108_hc,0
4108_exh,0
4111_ec,-1
4111_hc,-1
4111_exh,-1
4123_ec,0
4123_hc,0
4123_exh,0
4131_ec,0
4131_hc,0
4131_exh,0
4134_ec,-1
4134_hc,-1
4134_exh,-1
4137_ec,-1
4137_hc,-1
4137_exh,-1
4140_ec,1
4140_hc,0
4140_exh,0
4152_ec,-1
4152_hc,-1
4152_exh,-1
4162_ec,-1
4162_hc,-1
4162_exh,-1
4168_ec,-1
4168_hc,-1
4168_exh,-1
4172_ec,-1
4172_hc,-1
4172_exh,-1
4178_ec,-1
4178_hc,-1
4178_exh,-1
4187_ec,1
4187_hc,0
4187_exh,0
4193_ec,-1
4193_hc,-1
4193_exh,-1
4199_ec,-1
4199_hc,-1
4199_exh,-1
4205_ec,1
4205_hc,0
4205_exh,0
4213_ec,-1
4213_hc,-1
4213_exh,-1
4225_ec,1
4225_hc,0
4225_exh,0
4237_ec,0
4237_hc,0
4237_exh,0
4312_ec,1
4312_hc,1
4312_exh,0
4321_ec,-1
4321_hc,-1
4321_exh,-1
4330_ec,1
4330_hc,0
4330_exh,0
4345_ec,0
4345_hc,0
4345_exh,0
4346_ec,1
4346_hc,0
4346_exh,0
4351_ec,-1
4351_hc,-1
4351_exh,-1
4366_ec,-1
4366_hc,-1
4366_exh,-1
4375_ec,-1
4375_hc,-1
4375_exh,-1
4381_ec,-1
4381_hc,-1
4381_exh,-1
4402_ec,1
4402_hc,0
4402_exh,0
4408_ec,-1
4408_hc,-1
4408_exh,-1
4411_ec,1
4411_hc,1
4411_exh,0
4414_ec,0
4414_hc,0
4414_exh,0
4423_ec,1
4423_hc,0
4423_exh,0
4426_ec,-1
4426_hc,-1
4426_exh,-1
4432_ec,0
4432_hc,0
4432_exh,0
4435_ec,0
4435_hc,0
4435_exh,0
4450_ec,1
4450_hc,0
4450_exh,0
4457_ec,-1
4457_hc,-1
4457_exh,-1
4458_ec,-1
4458_hc,-1
4458_exh,-1
4460_ec,1
4460_hc,0
4460_exh,0
4463_ec,-1
4463_hc,-1
4463_exh,-1
4466_ec,-1
4466_hc,-1
4466_exh,-1
4481_ec,1
4481_hc,1
4481_exh,0
4484_ec,-1
4484_hc,-1
4484_exh,-1
4487_ec,-1
4487_hc,-1
4487_exh,-1
4503_ec,-1
4503_hc,-1
4503_exh,-1
4506_ec,-1
4506_hc,-1
4506_exh,-1
4509_ec,-1
4509_hc,-1
4509_exh,-1
4520_ec,-1
4520_hc,-1
4520_exh,-1
4523_ec,0
4523_hc,0
4523_exh,0
4532_ec,-1
4532_hc,-1
4532_exh,-1
4535_ec,0
4535_hc,0
4535_exh,0
4544_ec,0
4544_hc,0
4544_exh,0
4556_ec,1
4556_hc,0
4556_exh,0
4561_ec,-1
4561_hc,-1
4561_exh,-1
4562_ec,0
4562_hc,0
4562_exh,0
4563_ec,0
4563_hc,0
4563_exh,0
4564_ec,1
4564_hc,0
4564_exh,0
4570_ec,1
4570_hc,0
4570_exh,0
4582_ec,0
4582_hc,0
4582_exh,0
4591_ec,1
4591_hc,0
4591_exh,0
4597_ec,1
4597_hc,0
4597_exh,0
4609_ec,1
4609_hc,0
4609_exh,0
4633_ec,0
4633_hc,0
4633_exh,0
4636_ec,1
4636_hc,0
4636_exh,0
4645_ec,0
4645_hc,0
4645_exh,0
4692_ec,-1
4692_hc,-1
4692_exh,-1
4693_ec,-1
4693_hc,-1
4693_exh,-1
4707_ec,1
4707_hc,0
4707_exh,0
4710_ec,1
4710_hc,0
4710_exh,0
4722_ec,1
4722_hc,0
4722_exh,0
4734_ec,0
4734_hc,0
4734_exh,0
4746_ec,1
4746_hc,0
4746_exh,0
4752_ec,-1
4752_hc,-1
4752_exh,-1
4755_ec,0
4755_hc,0
4755_exh,0
4768_ec,0
4768_hc,0
4768_exh,0
4780_ec,-1
4780_hc,-1
4780_exh,-1
4783_ec,0
4783_hc,0
4783_exh,0
4789_ec,-1
4789_hc,-1
4789_exh,-1
4792_ec,-1
4792_hc,-1
4792_exh,-1
4798_ec,0
4798_hc,0
4798_exh,0
4804_ec,0
4804_hc,0
4804_exh,0
4806_ec,-1
4806_hc,-1
4806_exh,-1
4807_ec,-1
4807_hc,-1
4807_exh,-1
4813_ec,0
4813_hc,0
4813_exh,0
4819_ec,-1
4819_hc,-1
4819_exh,-1
4825_ec,0
4825_hc,0
4825_exh,0
4828_ec,0
4828_hc,0
4828_exh,0
4831_ec,-1
4831_hc,-1
4831_exh,-1
4835_ec,-1
4835_hc,-1
4835_exh,-1
4838_ec,-1
4838_hc,-1
4838_exh,-1
4841_ec,-1
4841_hc,-1
4841_exh,-1
4844_ec,-1
4844_hc,-1
4844_exh,-1
4845_ec,-1
4845_hc,-1
4845_exh,-1
4852_ec,1
4852_hc,1
4852_exh,0
4855_ec,-1
4855_hc,-1
4855_exh,-1
4868_ec,-1
4868_hc,-1
4868_exh,-1
4869_ec,-1
4869_hc,-1
4869_exh,-1
4870_ec,-1
4870_hc,-1
4870_exh,-1
4871_ec,0
4871_hc,0
4871_exh,0
4875_ec,-1
4875_hc,-1
4875_exh,-1
4881_ec,-1
4881_hc,-1
4881_exh,-1
4887_ec,-1
4887_hc,-1
4887_exh,-1
4893_ec,1
4893_hc,1
4893_exh,0
4899_ec,-1
4899_hc,-1
4899_exh,-1
4902_ec,1
4902_hc,0
4902_exh,0
4905_ec,-1
4905_hc,-1
4905_exh,-1
4929_ec,1
4929_hc,0
4929_exh,0
4935_ec,0
4935_hc,0
4935_exh,0
4965_ec,0
4965_hc,0
4965_exh,0
4992_ec,0
4992_hc,0
4992_exh,0
5016_ec,0
5016_hc,0
5016_exh,0
5019_ec,-1
5019_hc,-1
5019_exh,-1
5025_ec,-1
5025_hc,-1
5025_exh,-1
5028_ec,0
5028_hc,0
5028_exh,0
5031_ec,1
5031_hc,0
5031_exh,0
5032_ec,-1
5032_hc,-1
5032_exh,-1
5033_ec,-1
5033_hc,-1
5033_exh,-1
5045_ec,1
5045_hc,0
5045_exh,0
5048_ec,0
5048_hc,0
5048_exh,0
5060_ec,1
5060_hc,0
5060_exh,0
5063_ec,0
5063_hc,0
5063_exh,0
5073_ec,-1
5073_hc,-1
5073_exh,-1
5074_ec,-1
5074_hc,-1
5074_exh,-1
5088_ec,1
5088_hc,0
5088_exh,0
5091_ec,1
5091_hc,0
5091_exh,0
5094_ec,-1
5094_hc,-1
5094_exh,-1
5115_ec,-1
5115_hc,-1
5115_exh,-1
5118_ec,0
5118_hc,0
5118_exh,0
5124_ec,-1
5124_hc,-1
5124_exh,-1
5125_ec,-1
5125_hc,-1
5125_exh,-1
5127_ec,-1
5127_hc,-1
5127_exh,-1
5130_ec,0
5130_hc,0
5130_exh,0
5133_ec,-1
5133_hc,-1
5133_exh,-1
5145_ec,-1
5145_hc,-1
5145_exh,-1
5148_ec,0
5148_hc,0
5148_exh,0
5151_ec,-1
5151_hc,-1
5151_exh,-1
5154_ec,0
5154_hc,0
5154_exh,0
5157_ec,-1
5157_hc,-1
5157_exh,-1
5169_ec,1
5169_hc,0
5169_exh,0
5172_ec,-1
5172_hc,-1
5172_exh,-1
5175_ec,-1
5175_hc,-1
5175_exh,-1
5184_ec,-1
5184_hc,-1
5184_exh,-1
5190_ec,1
5190_hc,0
5190_exh,0
5194_ec,-1
5194_hc,-1
5194_exh,-1
5196_ec,-1
5196_hc,-1
5196_exh,-1
5197_ec,-1
5197_hc,-1
5197_exh,-1
5200_ec,-1
5200_hc,-1
5200_exh,-1
5203_ec,1
5203_hc,0
5203_exh,0
5206_ec,1
5206_hc,0
5206_exh,0
5218_ec,-1
5218_hc,-1
5218_exh,-1
5227_ec,1
5227_hc,0
5227_exh,0
5233_ec,-1
5233_hc,-1
5233_exh,-1
5239_ec,-1
5239_hc,-1
5239_exh,-1
5255_ec,-1
5255_hc,-1
5255_exh,-1
5256_ec,-1
5256_hc,-1
5256_exh,-1
5272_ec,1
5272_hc,0
5272_exh,0
5284_ec,1
5284_hc,0
5284_exh,0
5287_ec,-1
5287_hc,-1
5287_exh,-1
5293_ec,1
5293_hc,0
5293_exh,0
5305_ec,1
5305_hc,0
5305_exh,0
5317_ec,1
5317_hc,0
5317_exh,0
5371_ec,-1
5371_hc,-1
5371_exh,-1
5380_ec,-1
5380_hc,-1
5380_exh,-1
5381_ec,-1
5381_hc,-1
5381_exh,-1
5382_ec,-1
5382_hc,-1
5382_exh,-1
5397_ec,1
5397_hc,1
5397_exh,0
5403_ec,1
5403_hc,1
5403_exh,0
5418_ec,1
5418_hc,1
5418_exh,0
5421_ec,1
5421_hc,0
5421_exh,0
5424_ec,1
5424_hc,0
5424_exh,0
5439_ec,0
5439_hc,0
5439_exh,0
5442_ec,1
5442_hc,0
5442_exh,0
5445_ec,-1
5445_hc,-1
5445_exh,-1
5446_ec,-1
5446_hc,-1
5446_exh,-1
5461_ec,1
5461_hc,0
5461_exh,0
5464_ec,0
5464_hc,0
5464_exh,0
5476_ec,1
5476_hc,1
5476_exh,0
5479_ec,0
5479_hc,0
5479_exh,0
5482_ec,-1
5482_hc,-1
5482_exh,-1
5491_ec,-1
5491_hc,-1
5491_exh,-1
5494_ec,-1
5494_hc,-1
5494_exh,-1
5509_ec,-1
5509_hc,-1
5509_exh,-1
5511_ec,-1
5511_hc,-1
5511_exh,-1
5513_ec,-1
5513_hc,-1
5513_exh,-1
5514_ec,-1
5514_hc,-1
5514_exh,-1
5516_ec,-1
5516_hc,-1
5516_exh,-1
5519_ec,-1
5519_hc,-1
5519_exh,-1
5520_ec,0
5520_hc,0
5520_exh,0
5544_ec,0
5544_hc,0
5544_exh,0
5550_ec,1
5550_hc,0
5550_exh,0
5553_ec,-1
5553_hc,-1
5553_exh,-1
5556_ec,-1
5556_hc,-1
5556_exh,-1
5559_ec,-1
5559_hc,-1
5559_exh,-1
5562_ec,0
5562_hc,0
5562_exh,0
5565_ec,-1
5565_hc,-1
5565_exh,-1
5580_ec,1
5580_hc,0
5580_exh,0
5583_ec,0
5583_hc,0
5583_exh,0
5589_ec,-1
5589_hc,-1
5589_exh,-1
5595_ec,-1
5595_hc,-1
5595_exh,-1
5598_ec,-1
5598_hc,-1
5598_exh,-1
5604_ec,1
5604_hc,0
5604_exh,0
5607_ec,1
5607_hc,0
5607_exh,0
5614_ec,-1
5614_hc,-1
5614_exh,-1
5615_ec,-1
5615_hc,-1
5615_exh,-1
5616_ec,-1
5616_hc,-1
5616_exh,-1
5617_ec,-1
5617_hc,-1
5617_exh,-1
5622_ec,-1
5622_hc,-1
5622_exh,-1
5623_ec,-1
5623_hc,-1
5623_exh,-1
5632_ec,-1
5632_hc,-1
5632_exh,-1
5641_ec,-1
5641_hc,-1
5641_exh,-1
5644_ec,-1
5644_hc,-1
5644_exh,-1
5653_ec,-1
5653_hc,-1
5653_exh,-1
5662_ec,-1
5662_hc,-1
5662_exh,-1
5674_ec,-1
5674_hc,-1
5674_exh,-1
5680_ec,-1
5680_hc,-1
5680_exh,-1
5689_ec,-1
5689_hc,-1
5689_exh,-1
5707_ec,-1
5707_hc,-1
5707_exh,-1
5716_ec,-1
5716_hc,-1
5716_exh,-1
5734_ec,-1
5734_hc,-1
5734_exh,-1
5752_ec,-1
5752_hc,-1
5752_exh,-1
5760_ec,-1
5760_hc,-1
5760_exh,-1
5762_ec,-1
5762_hc,-1
5762_exh,-1
5763_ec,-1
5763_hc,-1
5763_exh,-1
5764_ec,-1
5764_hc,-1
5764_exh,-1
5773_ec,1
5773_hc,0
5773_exh,0
5791_ec,-1
5791_hc,-1
5791_exh,-1
5794_ec,-1
5794_hc,-1
5794_exh,-1
5800_ec,-1
5800_hc,-1
5800_exh,-1
5803_ec,-1
5803_hc,-1
5803_exh,-1
5809_ec,-1
5809_hc,-1
5809_exh,-1
5815_ec,-1
5815_hc,-1
5815_exh,-1
5824_ec,-1
5824_hc,-1
5824_exh,-1
5827_ec,-1
5827_hc,-1
5827_exh,-1
5830_ec,-1
5830_hc,-1
5830_exh,-1
5833_ec,-1
5833_hc,-1
5833_exh,-1
5860_ec,-1
5860_hc,-1
5860_exh,-1
5881_ec,-1
5881_hc,-1
5881_exh,-1
5882_ec,-1
5882_hc,-1
5882_exh,-1
5883_ec,-1
5883_hc,-1
5883_exh,-1
5885_ec,-1
5885_hc,-1
5885_exh,-1
5886_ec,-1
5886_hc,-1
5886_exh,-1
5888_ec,-1
5888_hc,-1
5888_exh,-1
5890_ec,-1
5890_hc,-1
5890_exh,-1
5893_ec,-1
5893_hc,-1
5893_exh,-1
5894_ec,-1
5894_hc,-1
5894_exh,-1
5895_ec,-1
5895_hc,-1
5895_exh,-1
5898_ec,-1
5898_hc,-1
5898_exh,-1
5904_ec,0
5904_hc,0
5904_exh,0
5907_ec,-1
5907_hc,-1
5907_exh,-1
5910_ec,-1
5910_hc,-1
5910_exh,-1
5916_ec,-1
5916_hc,-1
5916_exh,-1
5925_ec,-1
5925_hc,-1
5925_exh,-1
5934_ec,-1
5934_hc,-1
5934_exh,-1
5940_ec,-1
5940_hc,-1
5940_exh,-1
5943_ec,-1
5943_hc,-1
5943_exh,-1
5949_ec,-1
5949_hc,-1
5949_exh,-1
5952_ec,-1
5952_hc,-1
5952_exh,-1
5958_ec,-1
5958_hc,-1
5958_exh,-1
5961_ec,-1
5961_hc,-1
5961_exh,-1
5980_ec,-1
5980_hc,-1
5980_exh,-1
5981_ec,-1
5981_hc,-1
5981_exh,-1
5982_ec,-1
5982_hc,-1
5982_exh,-1
5983_ec,-1
5983_hc,-1
5983_exh,-1
5984_ec,-1
5984_hc,-1
5984_exh,-1
5985_ec,-1
5985_hc,-1
5985_exh,-1
5986_ec,-1
5986_hc,-1
5986_exh,-1
5988_ec,-1
5988_hc,-1
5988_exh,-1
5991_ec,-1
5991_hc,-1
5991_exh,-1
5992_ec,-1
5992_hc,-1
5992_exh,-1
6118_ec,-1
6118_hc,-1
6118_exh,-1
6119_ec,-1
6119_hc,-1
6119_exh,-1
6120_ec,-1
6120_hc,-1
6120_exh,-1
100001_ec,1
100001_hc,1
100001_exh,0
